{
  "sizes": {
    "768x768 (1:1)": {
      "width": 768,
      "height": 768,
      "name": "Square Medium"
    },
    "768x1024 (3:4)": {
      "width": 768,
      "height": 1024,
      "name": "Portrait Small"
    },
    "1024x768 (4:3)": {
      "width": 1024,
      "height": 768,
      "name": "Landscape Small"
    },
    "1152x768 (3:2)": {
      "width": 1152,
      "height": 768,
      "name": "Wide Small"
    },
    "768x1152 (2:3)": {
      "width": 768,
      "height": 1152,
      "name": "Portrait Medium"
    },
    "1536x768 (2:1)": {
      "width": 1536,
      "height": 768,
      "name": "Ultra Wide Small"
    },
    "768x1536 (1:2)": {
      "width": 768,
      "height": 1536,
      "name": "Portrait Large"
    },
    "1024x1024 (1:1)": {
      "width": 1024,
      "height": 1024,
      "name": "Square Large"
    },
    "896x1280 (7:10)": {
      "width": 896,
      "height": 1280,
      "name": "Portrait Small HD"
    },
    "1280x896 (10:7)": {
      "width": 1280,
      "height": 896,
      "name": "Landscape Small HD"
    },
    "1536x896 (12:7)": {
      "width": 1536,
      "height": 896,
      "name": "Wide Medium"
    },
    "896x1536 (7:12)": {
      "width": 896,
      "height": 1536,
      "name": "Portrait HD"
    },
    "2048x896 (8:7)": {
      "width": 2048,
      "height": 896,
      "name": "Ultra Wide Medium"
    },
    "896x2048 (7:8)": {
      "width": 896,
      "height": 2048,
      "name": "Portrait Ultra HD"
    },
    "1280x1280 (1:1)": {
      "width": 1280,
      "height": 1280,
      "name": "Square HD"
    },
    "1152x1664 (9:13)": {
      "width": 1152,
      "height": 1664,
      "name": "Portrait Medium Plus"
    },
    "1664x1152 (13:9)": {
      "width": 1664,
      "height": 1152,
      "name": "Landscape Medium Plus"
    },
    "1920x1152 (5:3)": {
      "width": 1920,
      "height": 1152,
      "name": "Wide Large"
    },
    "1152x1920 (3:5)": {
      "width": 1152,
      "height": 1920,
      "name": "Portrait Large HD"
    },
    "2560x1152 (16:9)": {
      "width": 2560,
      "height": 1152,
      "name": "Ultra Wide Large"
    },
    "1152x2560 (9:16)": {
      "width": 1152,
      "height": 2560,
      "name": "Portrait Ultra Large"
    },
    "1536x1536 (1:1)": {
      "width": 1536,
      "height": 1536,
      "name": "Square Extra Large"
    },
    "1408x1920 (11:15)": {
      "width": 1408,
      "height": 1920,
      "name": "Portrait Extra HD"
    },
    "1920x1408 (15:11)": {
      "width": 1920,
      "height": 1408,
      "name": "Landscape Extra HD"
    },
    "2304x1408 (12:7)": {
      "width": 2304,
      "height": 1408,
      "name": "Wide Extra Large"
    },
    "1408x2304 (7:12)": {
      "width": 1408,
      "height": 2304,
      "name": "Portrait Super HD"
    },
    "3072x1408 (16:9)": {
      "width": 3072,
      "height": 1408,
      "name": "Ultra Wide Extra Large"
    },
    "1408x3072 (9:16)": {
      "width": 1408,
      "height": 3072,
      "name": "Portrait Super Ultra HD"
    },
    "3840x2160 (16:9)": {
      "width": 3840,
      "height": 2160,
      "name": "4K UHD"
    },
    "2160x3840 (9:16)": {
      "width": 2160,
      "height": 3840,
      "name": "4K UHD Portrait"
    }
  }
}
